{
  "means": [
    1.3698438093464565e-05,
    1.2721150795450632e-05,
    0.0013279513426335016,
    0.5123556534084204,
    0.0013620247507562786,
    0.00012375371774713554,
    0.0369528251193921,
    0.4810894851415227,
    -3399.2759532502137,
    0.03244307228857639,
    -0.0349876843791058,
    0.5193520301823075,
    0.2881198072793497
  ],
  "stds": [
    0.0013991838062484792,
    0.0013975429230790896,
    0.0010766740518027757,
    0.16989857006960427,
    0.0007851513520075253,
    0.0034076773632113278,
    0.6582540617200975,
    0.1493629658521112,
    1869.7338344990917,
    0.7076834876585869,
    0.7049165839286554,
    0.4027631682424178,
    0.21526596313330237
  ],
  "features": [
    "returns",
    "log_returns",
    "range_pct",
    "rsi",
    "atr_norm",
    "ma_dist",
    "bb_pos",
    "hurst",
    "entropy",
    "hour_sin",
    "hour_cos",
    "session",
    "vol_regime"
  ]
}