{
  "means": [
    2.118367138175474e-05,
    2.0427488663925096e-05,
    0.001409326218089821,
    0.5228575567716769,
    0.0014302740393602844,
    0.0001953628664292262,
    0.037424108143192206,
    1.0399352245452704,
    0.0317085822304951,
    -0.035517276569243965,
    0.00010555537448521464,
    0.0004209137293625813,
    1.021290189669995
  ],
  "stds": [
    0.0012275666744163813,
    0.0012306611546409043,
    0.0010712548326685452,
    0.17025293639358788,
    0.0007612967605017944,
    0.002962261217168618,
    0.32741924780953746,
    0.8053680663531116,
    0.7079231290251228,
    0.7046828593554089,
    0.002712368483283834,
    0.005317032020104668,
    0.29088558357029687
  ],
  "feature_names": [
    "returns",
    "log_returns",
    "range_pct",
    "rsi_14",
    "atr_norm",
    "ma_dist",
    "bb_pos",
    "session",
    "hour_sin",
    "hour_cos",
    "momentum_5",
    "momentum_20",
    "volatility_ratio"
  ],
  "n_features": 13
}