{
  "means": [
    1.3864329423180032e-05,
    1.2884686451281274e-05,
    0.001328418318811757,
    0.5124581917537147,
    0.0013626399625162211,
    0.0001253868704100427,
    0.01860593098264439,
    0.9930355110659806,
    -3390.511014695513,
    1.0386702671525574,
    0.03255651524937317,
    -0.03527058859618788,
    6.918731673105969e-05,
    0.000277526234422474,
    1.024579245902076
  ],
  "stds": [
    0.0014008978303288288,
    0.0013992088299665223,
    0.0010772680071638894,
    0.16995699568356495,
    0.0007853654670316484,
    0.0034103926890568484,
    0.3291443944695994,
    0.020203915189437538,
    1872.8951086806496,
    0.8053963149136585,
    0.7077137971833805,
    0.7048668244222995,
    0.0030863119995161456,
    0.006143546958766832,
    0.31686989756777495
  ],
  "feature_names": [
    "returns",
    "log_returns",
    "range_pct",
    "rsi_14",
    "atr_norm",
    "ma_dist",
    "bb_pos",
    "hurst",
    "entropy_norm",
    "session",
    "hour_sin",
    "hour_cos",
    "momentum_5",
    "momentum_20",
    "volatility_ratio"
  ]
}