{
  "mean": [
    1.160214503687218e-05,
    1.1299005496918684e-05,
    0.0008142602297498285,
    0.479744587078552,
    0.25759905307726155,
    0.5210945247951777,
    0.5257239285902011,
    0.5495302564832071,
    0.5208550143586448,
    0.7823001137416475,
    0.5963333333333334,
    0.4081666666666667,
    0.05869548054098106,
    0.0008179970421258727,
    1.0471085004692406
  ],
  "scale": [
    0.0007795786174467076,
    0.0007780486193468879,
    0.0009127162908013881,
    0.27555278327399624,
    0.22060834280709682,
    0.17061303468186267,
    0.260436379249971,
    0.38760535897648535,
    0.04525953918533639,
    0.14848019654353706,
    0.27728425046431243,
    0.3470470269126201,
    0.7238915265281125,
    0.0005608225209023438,
    0.6350289497670571
  ],
  "feature_cols": [
    "returns",
    "log_returns",
    "range_pct",
    "body_pct",
    "upper_shadow_pct",
    "rsi_m5",
    "rsi_m15",
    "rsi_h1",
    "hurst",
    "entropy",
    "regime_code",
    "session_code",
    "hour_sin",
    "atr_norm",
    "vol_ratio"
  ]
}