{"means": [2.12360286053886e-05, 2.0480081615922483e-05, 0.001409104720852785, 0.5229302753445184, 0.0014300580837355171, 0.0001959486200833634, 0.07510303773968517, 0.03204455668076059, -0.03539574949642796], "stds": [0.0012273745090932908, 0.0012304683163795282, 0.0010711268997626573, 0.17027630011532696, 0.0007612376422293916, 0.0029618800939914215, 0.6548613639576242, 0.7080040349137573, 0.7045924877903248]}