{
  "wfa_results": {
    "folds": [
      1,
      2,
      3,
      4,
      5,
      6,
      7,
      8,
      9,
      10,
      11,
      12,
      13,
      14,
      15,
      16,
      17
    ],
    "is_metrics": [
      0.5033557046979866,
      0.5234899328859061,
      0.48322147651006714,
      0.5,
      0.4966442953020134,
      0.5033557046979866,
      0.4563758389261745,
      0.47651006711409394,
      0.4798657718120805,
      0.5067114093959731,
      0.5134228187919463,
      0.5536912751677853,
      0.5100671140939598,
      0.5134228187919463,
      0.48322147651006714,
      0.49328859060402686,
      0.5100671140939598
    ],
    "oos_metrics": [
      0.5224489795918368,
      0.5061224489795918,
      0.5265306122448979,
      0.49795918367346936,
      0.5,
      0.5469387755102041,
      0.5224489795918368,
      0.5204081632653061,
      0.5306122448979592,
      0.5755102040816327,
      0.5510204081632653,
      0.5061224489795918,
      0.49795918367346936,
      0.5469387755102041,
      0.5020408163265306,
      0.46122448979591835,
      0.5061224489795918
    ],
    "wfe_values": [
      1.0379319727891156,
      0.9668236525379381,
      1.089625850340136,
      0.9959183673469387,
      1.0067567567567568,
      1.0865850340136054,
      1.1447779111644658,
      1.0921241736131073,
      1.1057513914656774,
      1.1357751047438844,
      1.0732292917166866,
      0.9140878169449597,
      0.9762620837808806,
      1.0652794451113778,
      1.0389455782312924,
      0.9349993058447869,
      0.9922663802363049
    ]
  },
  "avg_wfe": 1.038655300978701,
  "passed": 